Mal ID,Username,Gender,Birthday,Location,Joined,Days Watched,Mean Score,Watching,Completed,On Hold,Dropped,Plan to Watch,Total Entries,Rewatched,Episodes Watched
1,Xinil,Male,1985-03-04T00:00:00+00:00,California,2004-11-05T00:00:00+00:00,142.3,7.37,1.0,233.0,8.0,93.0,64.0,399.0,60.0,8458.0
4,Crystal,Female,,"Melbourne, Australia",2004-11-13T00:00:00+00:00,212.8,6.68,16.0,636.0,303.0,0.0,45.0,1000.0,10.0,12781.0
9,Arcane,,,,2004-12-05T00:00:00+00:00,30.0,7.71,5.0,54.0,4.0,3.0,0.0,66.0,0.0,1817.0
20,vondur,Male,1988-01-25T00:00:00+00:00,"Bergen, Norway",2005-01-05T00:00:00+00:00,73.1,8.06,11.0,94.0,11.0,2.0,20.0,138.0,7.0,4374.0
23,Amuro,,1988-02-22T00:00:00+00:00,Canada,2005-01-23T00:00:00+00:00,142.5,7.41,20.0,298.0,5.0,19.0,50.0,392.0,0.0,8565.0
47,kei-clone,Male,,31f288172a11dea9f2781a6d87e0a200,2005-03-09T00:00:00+00:00,34.5,6.84,15.0,104.0,22.0,3.0,19.0,163.0,1.0,2054.0
53,Ladholyman,,,,2005-03-19T00:00:00+00:00,11.5,9.24,0.0,51.0,0.0,0.0,0.0,51.0,0.0,693.0
66,Hiromi,Male,1990-02-09T00:00:00+00:00,"Calgary, AB",2005-04-01T00:00:00+00:00,70.6,7.53,34.0,148.0,13.0,6.0,10.0,211.0,50.0,4117.0
70,Cruzle,Male,1983-11-09T00:00:00+00:00,,2005-04-14T00:00:00+00:00,78.0,7.18,30.0,135.0,9.0,8.0,22.0,204.0,15.0,4694.0
71,Smoka,,,,2005-04-21T00:00:00+00:00,22.9,8.01,2.0,67.0,11.0,0.0,0.0,80.0,0.0,1295.0
80,koalatees,,1991-10-24T00:00:00+00:00,,2005-04-27T00:00:00+00:00,12.2,7.1,4.0,31.0,0.0,41.0,0.0,76.0,0.0,744.0
82,Achtor,Male,1989-06-10T00:00:00+00:00,"Paris, France",2005-04-29T00:00:00+00:00,47.0,7.17,6.0,153.0,36.0,20.0,101.0,316.0,0.0,2922.0
83,jaames,Male,,"Seattle, Washington",2005-04-30T00:00:00+00:00,12.5,8.71,3.0,16.0,0.0,0.0,0.0,19.0,0.0,745.0
91,marvin_9martian,Female,,Canada,2005-05-10T00:00:00+00:00,36.4,6.66,4.0,57.0,4.0,31.0,29.0,125.0,1.0,2187.0
95,sorairo,Male,,Latvia,2005-05-12T00:00:00+00:00,50.5,6.09,1.0,114.0,10.0,7.0,26.0,158.0,42.0,2974.0
108,Keitarou,Male,,good ol' Europe,2005-06-11T00:00:00+00:00,360.7,6.29,221.0,1496.0,0.0,0.0,83.0,1800.0,0.0,21193.0
111,Misato,,,,2005-06-14T00:00:00+00:00,25.4,7.17,14.0,55.0,4.0,12.0,0.0,85.0,1.0,1516.0
112,luffykun,Male,1983-06-09T00:00:00+00:00,"London,England",2005-06-17T00:00:00+00:00,72.6,8.77,2.0,125.0,0.0,0.0,1.0,128.0,0.0,4329.0
116,loklo,,,,2005-06-24T00:00:00+00:00,15.2,7.82,2.0,25.0,5.0,2.0,0.0,34.0,0.0,905.0
119,Phony2,,,,2005-06-25T00:00:00+00:00,180.9,7.61,20.0,391.0,51.0,6.0,25.0,493.0,0.0,10843.0
120,hazte,Male,1986-11-08T00:00:00+00:00,"Lule&aring;, Sweden",2005-06-26T00:00:00+00:00,138.5,6.69,46.0,260.0,26.0,1.0,45.0,378.0,15.0,8358.0
124,Torstein,Male,,,2005-06-28T00:00:00+00:00,7.8,7.0,7.0,6.0,1.0,3.0,5.0,22.0,0.0,476.0
130,Ezzpify,Male,1996-01-25T00:00:00+00:00,,2005-06-29T00:00:00+00:00,7.4,8.63,1.0,7.0,0.0,0.0,0.0,8.0,0.0,444.0
133,Ritsuka,Female,,,2005-07-01T00:00:00+00:00,83.3,7.39,7.0,125.0,24.0,55.0,28.0,239.0,50.0,5000.0
138,DanskiJonez,Male,1986-07-31T00:00:00+00:00,"Ontario, Canada",2005-07-06T00:00:00+00:00,152.8,9.09,34.0,188.0,1.0,2.0,2.0,227.0,29.0,9153.0
143,Rukia,Female,,UAE,2005-07-12T00:00:00+00:00,48.4,8.22,10.0,104.0,91.0,13.0,39.0,257.0,0.0,2888.0
154,bakavic,,,,2005-07-22T00:00:00+00:00,1.2,8.33,1.0,2.0,0.0,0.0,0.0,3.0,0.0,71.0
157,KobaKoba,Female,1989-04-19T00:00:00+00:00,,2005-07-24T00:00:00+00:00,59.8,8.03,23.0,161.0,23.0,2.0,7.0,216.0,0.0,3533.0
162,Sigyns,Female,,,2005-07-30T00:00:00+00:00,109.4,7.44,2.0,371.0,25.0,29.0,48.0,475.0,4.0,6630.0
163,Holzy,Male,1982-12-22T00:00:00+00:00,Locked up in Shuuka basement working on cards :p,2005-07-31T00:00:00+00:00,247.2,7.62,74.0,1478.0,16.0,0.0,661.0,2229.0,0.0,14967.0
169,Nekokitsune,Female,,,2005-08-04T00:00:00+00:00,24.3,8.44,11.0,57.0,9.0,4.0,22.0,103.0,0.0,1434.0
185,Fador,Male,1984-04-08T00:00:00+00:00,"Tampere, Finland",2005-08-14T00:00:00+00:00,78.0,7.58,77.0,167.0,10.0,7.0,0.0,261.0,1.0,4737.0
208,Arinohyoshi,Male,1987-09-12T00:00:00+00:00,"Finland, Pori",2005-01-30T00:00:00+00:00,85.0,8.3,12.0,194.0,2.0,25.0,19.0,252.0,0.0,5053.0
212,eternally,Female,1988-02-14T00:00:00+00:00,,2005-09-16T00:00:00+00:00,35.1,6.47,1.0,113.0,0.0,85.0,0.0,199.0,0.0,2121.0
222,Notrik,Male,1987-02-18T00:00:00+00:00,"Drøbak, Norway",2005-10-18T00:00:00+00:00,93.2,8.44,15.0,179.0,0.0,1.0,0.0,195.0,0.0,5538.0
223,starhawk,,,,2005-10-25T00:00:00+00:00,10.0,6.95,5.0,55.0,0.0,4.0,13.0,77.0,3.0,511.0
224,modious,Male,,,2005-10-26T00:00:00+00:00,56.5,8.18,8.0,65.0,0.0,1.0,85.0,159.0,0.0,3371.0
225,Mamoru,Male,,,2005-10-31T00:00:00+00:00,45.1,8.39,14.0,105.0,0.0,0.0,36.0,155.0,1.0,2704.0
229,sugaryfluff,,,,2005-11-12T00:00:00+00:00,30.7,7.77,8.0,70.0,24.0,4.0,2.0,108.0,0.0,1839.0
232,udinalyahya,Male,,,2005-11-13T00:00:00+00:00,29.5,7.77,8.0,37.0,0.0,6.0,4.0,55.0,3.0,1737.0
237,Hypothesis,Male,1985-08-10T00:00:00+00:00,"Yorba Linda, California",2005-12-13T00:00:00+00:00,9.4,8.38,2.0,3.0,3.0,0.0,3.0,11.0,2.0,577.0
238,aokisakura2,Female,1982-05-16T00:00:00+00:00,,2005-12-16T00:00:00+00:00,0.1,10.0,1.0,0.0,0.0,0.0,0.0,1.0,0.0,8.0
242,nagajahat,Male,1983-09-16T00:00:00+00:00,Pandan Jaya,2005-12-30T00:00:00+00:00,8.5,7.11,6.0,18.0,0.0,0.0,15.0,39.0,0.0,547.0
250,AniMenEWb,Male,1990-12-10T00:00:00+00:00,New york,2006-01-02T00:00:00+00:00,61.4,7.3,83.0,269.0,7.0,30.0,62.0,451.0,4.0,3736.0
254,Ayu,Female,,,2006-01-11T00:00:00+00:00,25.4,7.39,3.0,59.0,34.0,21.0,0.0,117.0,0.0,1497.0
255,Sneaker,Male,1984-02-18T00:00:00+00:00,"Johor, Malaysia",2006-01-17T00:00:00+00:00,41.8,8.31,11.0,115.0,2.0,5.0,0.0,133.0,0.0,2463.0
258,Zan,Male,,,2006-02-01T00:00:00+00:00,56.4,10.0,10.0,205.0,0.0,0.0,0.0,215.0,0.0,3354.0
268,Ticat,,,,2006-03-08T00:00:00+00:00,182.6,7.78,3.0,539.0,15.0,94.0,19.0,670.0,19.0,10668.0
271,Divine,Male,,Netherlands,2006-03-09T00:00:00+00:00,31.1,7.24,0.0,84.0,0.0,19.0,0.0,103.0,12.0,1870.0
272,Diviance,,,,2006-03-09T00:00:00+00:00,26.4,7.55,8.0,72.0,2.0,0.0,0.0,82.0,24.0,1480.0
274,flink,,,,2006-03-09T00:00:00+00:00,76.4,8.11,7.0,197.0,2.0,32.0,10.0,248.0,0.0,4723.0
277,ReKKu,,,,2006-03-10T00:00:00+00:00,53.2,8.49,16.0,83.0,0.0,0.0,0.0,99.0,34.0,3111.0
282,Hopis,Male,1990-04-29T00:00:00+00:00,"Helsinki, Finland",2006-03-12T00:00:00+00:00,167.3,7.91,1.0,470.0,0.0,4.0,3.0,478.0,0.0,10017.0
283,Aidan___,Male,,,2006-03-13T00:00:00+00:00,21.1,6.94,18.0,29.0,4.0,0.0,0.0,51.0,0.0,1287.0
292,MSN04,Male,1988-01-01T00:00:00+00:00,,2006-03-19T00:00:00+00:00,55.8,6.45,5.0,144.0,1.0,1.0,0.0,151.0,0.0,3188.0
293,CraigerRay,,,,2006-03-19T00:00:00+00:00,22.7,9.0,5.0,39.0,3.0,0.0,6.0,53.0,1.0,1372.0
295,AzraelNewtype,Male,1984-03-02T00:00:00+00:00,,2006-03-19T00:00:00+00:00,138.1,6.9,8.0,254.0,43.0,45.0,68.0,418.0,88.0,7965.0
297,Muda,Male,,"Hamilton, Ontario",2006-03-20T00:00:00+00:00,111.4,6.45,6.0,324.0,8.0,31.0,4.0,373.0,0.0,6525.0
300,Vire,Male,1985-04-04T00:00:00+00:00,"Wilmington, North Carolina",2006-03-30T00:00:00+00:00,13.9,5.83,5.0,35.0,10.0,1.0,20.0,71.0,3.0,801.0
310,Chazist,Male,,"New York, NY",2006-04-16T00:00:00+00:00,195.4,7.1,57.0,519.0,20.0,169.0,102.0,867.0,0.0,11743.0
312,Zylix,,,,2006-04-19T00:00:00+00:00,30.8,7.66,5.0,51.0,5.0,1.0,9.0,71.0,0.0,1840.0
317,killer04,,,,2006-04-22T00:00:00+00:00,93.6,7.82,6.0,66.0,2.0,4.0,0.0,78.0,87.0,5650.0
327,shadowminion,,,,2006-04-27T00:00:00+00:00,27.9,6.44,3.0,82.0,8.0,1.0,73.0,167.0,0.0,1618.0
330,Discard,Male,1988-10-17T00:00:00+00:00,Belgium,2006-04-29T00:00:00+00:00,21.2,6.39,0.0,30.0,2.0,2.0,28.0,62.0,2.0,1293.0
336,Skyw4lker,Male,1985-02-03T00:00:00+00:00,"Interlaken, Bern, Switzerland",2006-05-09T00:00:00+00:00,161.6,6.62,6.0,347.0,24.0,25.0,106.0,508.0,71.0,40113.0
341,melange,Male,1982-07-10T00:00:00+00:00,"Princeton, NJ",2006-05-13T00:00:00+00:00,77.4,6.87,10.0,309.0,20.0,16.0,14.0,369.0,11.0,4457.0
344,shance,Female,,Canada,2006-05-14T00:00:00+00:00,36.8,6.68,2.0,142.0,37.0,0.0,14.0,195.0,0.0,2168.0
346,zbarron,Male,1988-01-03T00:00:00+00:00,"Beachwood, Ohio",2006-05-15T00:00:00+00:00,46.2,7.56,4.0,62.0,15.0,2.0,28.0,111.0,0.0,2731.0
347,troublesome4u,Male,1978-12-08T00:00:00+00:00,Miami Beach,2006-05-15T00:00:00+00:00,70.9,8.64,22.0,167.0,3.0,10.0,79.0,281.0,0.0,4162.0
353,Niccole,Female,,,2006-05-18T00:00:00+00:00,108.7,7.18,17.0,316.0,2.0,1.0,0.0,336.0,0.0,6262.0
356,iglified,Female,1986-03-07T00:00:00+00:00,,2006-05-19T00:00:00+00:00,39.1,7.5,12.0,104.0,128.0,109.0,105.0,458.0,0.0,2328.0
357,zhambi,Male,,,2006-05-19T00:00:00+00:00,333.3,6.63,56.0,1331.0,0.0,82.0,11.0,1480.0,0.0,20620.0
359,Larsa,Male,1992-06-15T00:00:00+00:00,Norway,2006-05-21T00:00:00+00:00,180.7,7.62,31.0,567.0,19.0,45.0,0.0,662.0,180.0,11283.0
363,Hiyomika,Male,,,2006-05-22T00:00:00+00:00,35.7,8.64,1.0,36.0,0.0,2.0,0.0,39.0,43.0,2091.0
368,Masterface7,Male,1986-05-28T00:00:00+00:00,"Austin, Texas",2006-05-23T00:00:00+00:00,130.5,7.59,7.0,162.0,5.0,0.0,22.0,196.0,19.0,7833.0
374,Hemsko,,,,2006-05-25T00:00:00+00:00,213.6,7.62,6.0,565.0,73.0,72.0,180.0,896.0,17.0,12662.0
375,Aiko,Female,1990-05-28T00:00:00+00:00,U.S.,2006-05-25T00:00:00+00:00,52.9,7.8,35.0,91.0,20.0,2.0,11.0,159.0,0.0,3142.0
376,s0kkiplast,Male,1987-04-17T00:00:00+00:00,Sweden,2006-05-26T00:00:00+00:00,36.1,7.97,5.0,121.0,8.0,0.0,44.0,178.0,0.0,2077.0
380,Kikyo,,,,2006-05-27T00:00:00+00:00,5.0,9.0,7.0,18.0,0.0,0.0,69.0,94.0,0.0,279.0
384,Rie,Female,,"WA, USA",2006-05-27T00:00:00+00:00,206.9,8.45,361.0,440.0,154.0,20.0,112.0,1087.0,46.0,12191.0
390,martino,Male,,Europe,2006-05-28T00:00:00+00:00,56.1,8.37,10.0,255.0,9.0,29.0,1.0,304.0,1.0,3432.0
392,Touhou,Male,,Japan,2006-05-28T00:00:00+00:00,87.5,7.97,8.0,183.0,15.0,16.0,25.0,247.0,22.0,5201.0
396,Sources,,,,2006-05-29T00:00:00+00:00,37.2,6.74,0.0,29.0,3.0,7.0,0.0,39.0,1.0,2223.0
399,roarg,,,,2006-05-29T00:00:00+00:00,57.5,8.04,6.0,123.0,10.0,11.0,27.0,177.0,3.0,3364.0
401,zylias,Male,,,2006-05-30T00:00:00+00:00,86.7,8.34,14.0,304.0,6.0,2.0,22.0,348.0,2.0,5223.0
405,algalordvk,Male,,greece,2006-05-31T00:00:00+00:00,37.7,7.6,2.0,38.0,3.0,12.0,5.0,60.0,0.0,2242.0
407,KingKogs,,,,2006-06-01T00:00:00+00:00,128.0,7.69,11.0,244.0,0.0,2.0,28.0,285.0,8.0,7501.0
410,Meow,Female,1998-11-17T00:00:00+00:00,,2006-06-01T00:00:00+00:00,66.1,8.76,6.0,196.0,0.0,5.0,50.0,257.0,16.0,3813.0
413,Wolfdogg,,,,2006-06-04T00:00:00+00:00,4.5,8.0,0.0,15.0,4.0,0.0,11.0,30.0,5.0,230.0
415,Valaris,Male,1981-07-09T00:00:00+00:00,"Carlisle, Pennsylvania",2006-06-04T00:00:00+00:00,102.1,7.28,1.0,217.0,0.0,0.0,0.0,218.0,25.0,6012.0
417,virusmyrus,,,,2006-06-05T00:00:00+00:00,36.6,7.97,6.0,102.0,2.0,0.0,0.0,110.0,0.0,2217.0
422,Ewino,Male,1990-03-08T00:00:00+00:00,,2006-06-06T00:00:00+00:00,44.8,7.13,2.0,31.0,2.0,4.0,3.0,42.0,7.0,2672.0
424,Yamishimo,Male,,,2006-06-06T00:00:00+00:00,57.9,7.92,7.0,120.0,6.0,5.0,42.0,180.0,7.0,3436.0
425,djc89,,,,2006-06-06T00:00:00+00:00,26.0,7.47,8.0,57.0,6.0,5.0,5.0,81.0,0.0,1554.0
426,cnsgurl23,Female,1983-08-11T00:00:00+00:00,"Harrisburg, PA",2006-06-07T00:00:00+00:00,238.5,8.76,12.0,754.0,16.0,25.0,109.0,916.0,28.0,14108.0
428,NoeinHOLiC,Male,1990-06-25T00:00:00+00:00,Latvia,2006-06-07T00:00:00+00:00,61.1,8.35,5.0,150.0,21.0,4.0,18.0,198.0,10.0,3610.0
429,Karatekatten,,,,2006-06-07T00:00:00+00:00,41.9,7.05,10.0,40.0,3.0,12.0,0.0,65.0,3.0,2527.0
431,izikiel,Male,,Kungsör,2006-06-08T00:00:00+00:00,188.2,7.02,85.0,803.0,13.0,1.0,12.0,914.0,0.0,11041.0
432,Vendiel,Female,1981-08-07T00:00:00+00:00,"Stockholm, Sweden",2006-06-08T00:00:00+00:00,63.6,7.63,5.0,138.0,17.0,3.0,25.0,188.0,21.0,3669.0
433,SleepySmore,,,,2006-06-08T00:00:00+00:00,33.2,7.11,1.0,63.0,3.0,1.0,18.0,86.0,33.0,1971.0
434,Gaignun87,,,,2006-06-08T00:00:00+00:00,51.2,7.35,8.0,122.0,4.0,1.0,0.0,135.0,10.0,2990.0
436,Katsuki,Female,1990-10-28T00:00:00+00:00,Caifornia with the Pikas,2006-06-09T00:00:00+00:00,492.6,7.21,79.0,1816.0,35.0,19.0,78.0,2027.0,325.0,29778.0
448,SJounouchi,Female,,That one place,2006-06-19T00:00:00+00:00,199.6,7.74,17.0,1064.0,95.0,57.0,183.0,1416.0,70.0,12432.0
450,MO2J,Male,1979-08-03T00:00:00+00:00,"Southampton, United Kingdom",2006-06-20T00:00:00+00:00,78.7,7.89,28.0,136.0,20.0,22.0,74.0,280.0,14.0,4680.0
458,nika,Female,,,2006-06-25T00:00:00+00:00,73.4,6.59,8.0,181.0,62.0,63.0,108.0,422.0,0.0,4485.0
460,Fehrant,,,,2006-06-26T00:00:00+00:00,78.5,7.02,1.0,230.0,0.0,30.0,3.0,264.0,0.0,4657.0
462,UndyingQueen,Female,1983-04-26T00:00:00+00:00,,2006-06-27T00:00:00+00:00,32.1,8.56,20.0,94.0,7.0,0.0,15.0,136.0,32.0,1791.0
465,bloody,Male,,,2006-07-01T00:00:00+00:00,145.8,8.75,24.0,266.0,20.0,8.0,7.0,325.0,15.0,8810.0
467,June,Female,,Oz,2006-07-01T00:00:00+00:00,295.3,6.83,111.0,920.0,35.0,62.0,133.0,1261.0,63.0,17533.0
475,Ducky,Male,1990-09-06T00:00:00+00:00,"England, UK",2006-07-03T00:00:00+00:00,32.9,7.55,5.0,48.0,56.0,5.0,49.0,163.0,4.0,1945.0
476,TheRedSpade,,,,2006-07-03T00:00:00+00:00,35.5,8.52,5.0,67.0,9.0,3.0,13.0,97.0,0.0,2108.0
480,Sync,Male,,Chair,2006-07-04T00:00:00+00:00,153.8,7.65,61.0,385.0,16.0,0.0,89.0,551.0,0.0,9161.0
482,midnightq2,Male,1979-10-11T00:00:00+00:00,,2006-07-04T00:00:00+00:00,25.1,7.15,0.0,178.0,46.0,107.0,38.0,369.0,0.0,1369.0
483,Mack,,,,2006-07-04T00:00:00+00:00,24.0,6.7,4.0,126.0,70.0,26.0,3.0,229.0,0.0,1412.0
488,stoneblade,Male,,,2006-07-04T00:00:00+00:00,258.5,7.78,139.0,1130.0,46.0,1.0,225.0,1541.0,0.0,15372.0
492,Tasura,Male,1987-06-04T00:00:00+00:00,In the shadows of mankind.,2006-07-07T00:00:00+00:00,87.2,7.91,25.0,209.0,112.0,0.0,644.0,990.0,2.0,5241.0
499,cyborg,Male,1989-12-15T00:00:00+00:00,"Portland, Oregon",2006-07-09T00:00:00+00:00,33.4,7.97,3.0,78.0,0.0,0.0,1.0,82.0,5.0,1924.0
504,JusticeGundam,Male,,Llanfairpwllgwyngyllgogerychwyrndrobwllllantysilio,2006-07-12T00:00:00+00:00,176.3,7.65,38.0,534.0,35.0,32.0,19.0,658.0,36.0,10445.0
506,Expression,Male,1987-05-14T00:00:00+00:00,"La Mirada, California",2006-07-13T00:00:00+00:00,78.6,6.86,0.0,128.0,14.0,35.0,0.0,177.0,33.0,4628.0
507,slush,Male,,,2006-07-13T00:00:00+00:00,44.5,7.16,16.0,92.0,1.0,2.0,0.0,111.0,5.0,2629.0
508,Dawlight,,1991-08-29T00:00:00+00:00,"Hallsberg, Sweden",2006-07-13T00:00:00+00:00,69.5,7.13,0.0,210.0,26.0,8.0,15.0,259.0,17.0,4118.0
509,s2k,,,,2006-07-14T00:00:00+00:00,14.0,8.44,5.0,28.0,16.0,2.0,16.0,67.0,4.0,830.0
512,Champloon,Male,1987-03-09T00:00:00+00:00,"Las Vegas, Nevada",2006-07-16T00:00:00+00:00,108.2,8.1,39.0,294.0,31.0,4.0,13.0,381.0,0.0,6343.0
514,MarzipanNeko,Female,,"Glasgow, UK",2006-07-16T00:00:00+00:00,143.9,6.13,37.0,497.0,18.0,55.0,47.0,654.0,26.0,8492.0
521,Amurko,,,,2006-07-18T00:00:00+00:00,20.8,7.51,3.0,48.0,6.0,1.0,0.0,58.0,0.0,1243.0
524,starwind,Male,1984-03-16T00:00:00+00:00,"Bakersfield,California",2006-07-19T00:00:00+00:00,58.3,7.8,9.0,71.0,2.0,0.0,0.0,82.0,121.0,3164.0
527,wildinferno16,Male,1991-02-01T00:00:00+00:00,"London, UK",2006-07-21T00:00:00+00:00,168.2,8.28,52.0,269.0,16.0,5.0,744.0,1086.0,42.0,10074.0
529,Keyblader24,Male,,,2006-07-22T00:00:00+00:00,65.2,8.28,15.0,160.0,0.0,0.0,15.0,190.0,0.0,3800.0
530,BereBob,Male,1987-08-19T00:00:00+00:00,,2006-07-23T00:00:00+00:00,98.3,8.95,54.0,246.0,12.0,2.0,10.0,324.0,6.0,5870.0
532,sajto,Male,,,2006-07-23T00:00:00+00:00,3.4,6.38,14.0,223.0,0.0,3.0,0.0,240.0,0.0,202.0
537,halo,Male,1989-12-05T00:00:00+00:00,,2006-07-26T00:00:00+00:00,7.8,7.86,1.0,16.0,6.0,1.0,2.0,26.0,9.0,447.0
540,Vertago,Male,1987-03-11T00:00:00+00:00,"Atlanta, GA",2006-07-27T00:00:00+00:00,298.3,7.34,2.0,1332.0,15.0,60.0,20.0,1429.0,21.0,17744.0
545,mugiwara-,,,,2006-07-29T00:00:00+00:00,30.2,7.45,6.0,77.0,2.0,0.0,0.0,85.0,0.0,1812.0
549,dotGif,Male,1988-01-25T00:00:00+00:00,"Bergen, Norway",2006-07-30T00:00:00+00:00,54.8,8.4,21.0,131.0,7.0,9.0,49.0,217.0,4.0,3182.0
554,manateegirl,Female,,St. Louis,2006-07-31T00:00:00+00:00,59.0,6.57,16.0,193.0,30.0,21.0,132.0,392.0,18.0,3467.0
557,Renwin,,1990-03-09T00:00:00+00:00,From behind!,2006-08-01T00:00:00+00:00,70.7,6.82,11.0,135.0,4.0,5.0,10.0,165.0,60.0,4262.0
558,zanmato666,Male,1985-12-17T00:00:00+00:00,"Toronto, Ontario - Canada",2006-08-01T00:00:00+00:00,197.8,6.99,6.0,667.0,11.0,6.0,4.0,694.0,0.0,11716.0
559,Gyad,Male,1991-05-20T00:00:00+00:00,,2006-08-01T00:00:00+00:00,225.0,6.76,7.0,715.0,2.0,87.0,1.0,812.0,0.0,13149.0
560,Kouy,Male,1991-10-03T00:00:00+00:00,"Bellingham, Washington",2006-08-02T00:00:00+00:00,39.3,8.33,1.0,76.0,16.0,22.0,5.0,120.0,0.0,2298.0
561,Ishiyumi,Male,1987-01-31T00:00:00+00:00,Withdrawn into myself,2006-08-02T00:00:00+00:00,218.9,6.84,17.0,818.0,0.0,2.0,6.0,843.0,23.0,13203.0
562,TheWhiteLights,Male,1986-03-01T00:00:00+00:00,,2006-08-03T00:00:00+00:00,31.8,8.72,2.0,51.0,2.0,26.0,8.0,89.0,54.0,1889.0
564,NiLka,Female,1988-04-11T00:00:00+00:00,Lithuania,2006-08-03T00:00:00+00:00,129.6,8.24,2.0,386.0,5.0,61.0,41.0,495.0,5.0,7663.0
570,NemesisScourge,,,,2006-08-04T00:00:00+00:00,28.2,8.33,3.0,63.0,2.0,0.0,6.0,74.0,1.0,1676.0
571,sharpshooterbbb,Male,,,2006-08-04T00:00:00+00:00,35.4,7.9,0.0,51.0,6.0,5.0,0.0,62.0,40.0,2034.0
574,Kirox,Male,,France,2006-08-05T00:00:00+00:00,218.2,6.33,19.0,754.0,2.0,142.0,10.0,927.0,10.0,13040.0
575,khyos,Male,1986-10-21T00:00:00+00:00,France,2006-08-05T00:00:00+00:00,179.5,6.43,4.0,622.0,1.0,101.0,55.0,783.0,19.0,11026.0
585,starchild,Female,,,2006-08-07T00:00:00+00:00,15.7,7.91,3.0,33.0,5.0,0.0,5.0,46.0,9.0,883.0
589,Dark_Butterfly,,,,2006-08-08T00:00:00+00:00,10.9,8.69,1.0,10.0,1.0,1.0,0.0,13.0,6.0,644.0
590,draiol,Female,1986-05-08T00:00:00+00:00,"Uppsala, Sweden",2006-08-09T00:00:00+00:00,37.6,7.6,2.0,49.0,0.0,2.0,14.0,67.0,4.0,2214.0
591,darthhowie,Male,1981-05-26T00:00:00+00:00,"Toronto, Ontario",2006-08-09T00:00:00+00:00,29.7,8.04,5.0,45.0,0.0,1.0,0.0,51.0,0.0,1752.0
592,Enna,Female,,Pluto,2006-08-09T00:00:00+00:00,200.4,7.34,31.0,764.0,0.0,186.0,73.0,1054.0,14.0,11928.0
595,VnTB,,,,2006-08-10T00:00:00+00:00,43.5,6.48,28.0,144.0,19.0,94.0,43.0,328.0,0.0,2527.0
596,TatsubeiYagyu,Male,1990-01-07T00:00:00+00:00,"Sugar Land, Texas",2006-08-10T00:00:00+00:00,54.8,7.95,7.0,128.0,39.0,5.0,331.0,510.0,3.0,3258.0
598,Braveone,Male,,Miami/WPB,2006-08-12T00:00:00+00:00,59.4,7.44,11.0,66.0,7.0,16.0,16.0,116.0,28.0,3545.0
607,Lord_Vegita,Male,1983-11-22T00:00:00+00:00,,2006-08-14T00:00:00+00:00,53.9,8.27,13.0,125.0,9.0,3.0,0.0,150.0,7.0,3098.0
608,kittenbitten,,,,2006-08-15T00:00:00+00:00,123.9,6.02,16.0,349.0,1.0,49.0,4.0,419.0,0.0,7376.0
609,Canal,Female,,"Athens, Greece",2006-08-15T00:00:00+00:00,335.6,6.03,172.0,1180.0,179.0,35.0,199.0,1765.0,25.0,20036.0
610,jason3,,1989-08-18T00:00:00+00:00,,2006-08-15T00:00:00+00:00,15.2,8.2,18.0,18.0,1.0,0.0,9.0,46.0,11.0,897.0
612,Rekka,,,,2006-08-15T00:00:00+00:00,12.0,7.93,8.0,40.0,1.0,2.0,0.0,51.0,0.0,719.0
614,fluffyanimals,Male,,United States,2006-08-16T00:00:00+00:00,78.0,7.45,56.0,254.0,14.0,30.0,1064.0,1418.0,17.0,4554.0
615,Yojiro,,,,2006-08-16T00:00:00+00:00,244.3,6.88,3.0,1081.0,97.0,0.0,42.0,1223.0,0.0,14299.0
616,Darki,Male,1989-06-27T00:00:00+00:00,France,2006-08-17T00:00:00+00:00,77.6,8.01,16.0,190.0,12.0,7.0,63.0,288.0,6.0,4501.0
618,flo,,,,2006-08-17T00:00:00+00:00,95.5,7.37,15.0,279.0,22.0,46.0,13.0,375.0,58.0,5600.0
628,Velcor,Male,1985-12-16T00:00:00+00:00,Mexico,2006-08-18T00:00:00+00:00,121.9,7.32,118.0,546.0,10.0,67.0,319.0,1060.0,18.0,7463.0
632,aisakku,Male,1986-01-29T00:00:00+00:00,"Austin, TX",2006-08-18T00:00:00+00:00,90.8,6.02,5.0,274.0,22.0,45.0,8.0,354.0,0.0,5234.0
633,Darknesinthewood,,,,2006-08-19T00:00:00+00:00,10.4,8.12,2.0,19.0,1.0,5.0,16.0,43.0,0.0,611.0
634,Deithwen,Male,,,2006-08-19T00:00:00+00:00,94.0,7.08,15.0,328.0,44.0,203.0,48.0,638.0,0.0,5710.0
636,Rampage202,Male,1989-02-14T00:00:00+00:00,,2006-08-19T00:00:00+00:00,195.4,7.45,1.0,234.0,6.0,13.0,1.0,255.0,66.0,11674.0
638,NaughtyCalibur,Male,1987-11-22T00:00:00+00:00,"Cleveland, Ohio",2006-08-19T00:00:00+00:00,58.6,7.59,3.0,224.0,0.0,0.0,0.0,227.0,2.0,3556.0
642,rd4everanime,Female,,,2006-08-21T00:00:00+00:00,60.4,8.99,0.0,130.0,0.0,0.0,0.0,130.0,12.0,3555.0
644,zimdudealchemist,,,,2006-08-22T00:00:00+00:00,15.2,8.67,1.0,13.0,5.0,1.0,1.0,21.0,103.0,801.0
648,Mumei,,,,2006-08-22T00:00:00+00:00,150.4,7.67,11.0,166.0,20.0,8.0,44.0,249.0,104.0,8751.0
651,Artic,Non-Binary,1987-12-06T00:00:00+00:00,"Louisville, KY",2006-08-22T00:00:00+00:00,69.1,7.37,20.0,127.0,7.0,6.0,12.0,172.0,0.0,4269.0
652,Wyko,,,,2006-08-22T00:00:00+00:00,47.3,7.55,1.0,92.0,8.0,28.0,30.0,159.0,5.0,2818.0
657,Wind,Female,1988-09-18T00:00:00+00:00,Off somewhere...~_~,2006-08-22T00:00:00+00:00,34.5,7.67,3.0,136.0,29.0,7.0,48.0,223.0,1.0,1975.0
658,Gemelle,Female,1977-03-21T00:00:00+00:00,California,2006-08-22T00:00:00+00:00,64.4,6.98,5.0,202.0,7.0,44.0,2.0,260.0,1.0,3786.0
661,denkosensei,,,,2006-08-23T00:00:00+00:00,113.5,7.0,19.0,382.0,15.0,47.0,101.0,564.0,0.0,6600.0
673,Ivan_Issacs,Male,1990-02-22T00:00:00+00:00,New Jersey,2006-08-24T00:00:00+00:00,8.0,7.94,2.0,12.0,4.0,0.0,1.0,19.0,2.0,462.0
675,Arctic,,,With Vert in Leanbox,2006-08-24T00:00:00+00:00,114.6,6.72,45.0,523.0,46.0,36.0,668.0,1318.0,37.0,6744.0
677,tristanelf,Male,1983-08-20T00:00:00+00:00,"Gainesville, Florida",2006-08-25T00:00:00+00:00,58.7,7.14,4.0,199.0,59.0,41.0,0.0,303.0,0.0,3519.0
678,CrimsonKnight,Male,1983-02-23T00:00:00+00:00,"Garfield Heights, Ohio",2006-08-25T00:00:00+00:00,95.4,8.4,2.0,291.0,52.0,0.0,18.0,363.0,0.0,5417.0
682,zonnikku,Female,1990-06-05T00:00:00+00:00,Indiana,2006-08-26T00:00:00+00:00,92.8,7.38,52.0,368.0,79.0,37.0,93.0,629.0,0.0,6085.0
683,Phate,Male,1986-07-19T00:00:00+00:00,,2006-08-26T00:00:00+00:00,100.3,8.25,2.0,184.0,3.0,2.0,6.0,197.0,56.0,5859.0
684,RichieDagger,,,,2006-08-26T00:00:00+00:00,8.1,8.26,1.0,33.0,7.0,3.0,6.0,50.0,2.0,473.0
687,Twice,Male,1985-11-12T00:00:00+00:00,Sweden,2006-08-26T00:00:00+00:00,90.6,7.5,6.0,194.0,1.0,9.0,2.0,212.0,99.0,5253.0
689,dnt,Male,,California,2006-08-26T00:00:00+00:00,97.8,7.55,14.0,289.0,9.0,0.0,0.0,312.0,17.0,5791.0
690,Ferdinand,Male,1982-01-10T00:00:00+00:00,"Tromsø, Norway",2006-08-27T00:00:00+00:00,18.3,7.03,0.0,38.0,22.0,54.0,38.0,152.0,22.0,992.0
691,Amy,Female,1986-04-29T00:00:00+00:00,California,2006-08-27T00:00:00+00:00,67.1,6.49,0.0,207.0,3.0,48.0,21.0,279.0,4.0,3890.0
695,linoleumxx,Male,1989-10-03T00:00:00+00:00,New Jersey,2006-08-28T00:00:00+00:00,35.0,7.88,0.0,104.0,8.0,4.0,62.0,178.0,56.0,1829.0
701,ShikiYukishiro,Male,1985-09-30T00:00:00+00:00,"San Francisco, California",2006-08-28T00:00:00+00:00,146.4,7.58,14.0,585.0,0.0,0.0,0.0,599.0,13.0,8647.0
706,therubicon,Male,1990-01-09T00:00:00+00:00,Delaware,2006-08-28T00:00:00+00:00,22.5,7.11,5.0,85.0,10.0,11.0,215.0,326.0,16.0,1283.0
709,asdfasdffdfdf,Male,1930-08-26T00:00:00+00:00,,2006-08-29T00:00:00+00:00,46.1,7.79,9.0,87.0,3.0,3.0,6.0,108.0,7.0,2927.0
711,Road,Female,,"Aomori, Japan",2006-08-29T00:00:00+00:00,48.2,6.59,2.0,115.0,15.0,24.0,20.0,176.0,48.0,2732.0
713,demiotaku,Female,,Singapore,2006-08-30T00:00:00+00:00,55.4,6.79,12.0,157.0,21.0,105.0,6.0,301.0,1.0,3315.0
720,CoolCly,,,,2006-08-31T00:00:00+00:00,53.6,7.44,10.0,62.0,10.0,8.0,18.0,108.0,6.0,3210.0
721,Sayosi,Female,,Minnesota,2006-08-31T00:00:00+00:00,87.6,7.78,13.0,207.0,22.0,33.0,10.0,285.0,72.0,5169.0
727,sxpeders,,,,2006-09-02T00:00:00+00:00,277.7,7.25,13.0,344.0,1.0,0.0,0.0,358.0,223.0,16433.0
728,Wickio,Male,1989-04-21T00:00:00+00:00,"Leicester, England",2006-09-03T00:00:00+00:00,83.4,8.14,35.0,386.0,23.0,0.0,47.0,491.0,0.0,4794.0
730,KenjiSayatome,Male,1989-01-04T00:00:00+00:00,Ohio,2006-09-03T00:00:00+00:00,57.9,8.65,9.0,153.0,1.0,1.0,2.0,166.0,0.0,3408.0
734,Baka_Ichigo,Male,1987-02-18T00:00:00+00:00,,2006-09-04T00:00:00+00:00,272.0,7.07,27.0,939.0,121.0,483.0,6.0,1576.0,3.0,16702.0
736,DistinctlyBenign,,1988-08-10T00:00:00+00:00,,2006-09-05T00:00:00+00:00,58.5,7.55,3.0,147.0,34.0,5.0,32.0,221.0,2.0,3469.0
738,Seanfirestarter,Male,1987-01-07T00:00:00+00:00,"Vacaville, California",2006-09-05T00:00:00+00:00,88.6,7.9,1.0,52.0,14.0,4.0,18.0,89.0,28.0,5262.0
746,MilayaDevushka,,2006-09-07T00:00:00+00:00,,2006-09-07T00:00:00+00:00,2.5,7.5,0.0,5.0,0.0,6.0,0.0,11.0,0.0,146.0
747,soyo,,,,2006-09-07T00:00:00+00:00,26.2,6.8,4.0,65.0,19.0,22.0,2.0,112.0,0.0,1519.0
748,Rosebud,Female,1986-03-11T00:00:00+00:00,,2006-09-07T00:00:00+00:00,32.9,6.8,12.0,79.0,20.0,35.0,4.0,150.0,0.0,1988.0
749,AmiYuy,Female,,,2006-09-08T00:00:00+00:00,31.0,6.89,3.0,60.0,5.0,57.0,3.0,128.0,16.0,1738.0
750,Henrique,Male,,"Bahia, Brasil",2006-09-08T00:00:00+00:00,116.4,7.44,5.0,481.0,0.0,20.0,5.0,511.0,10.0,7102.0
753,tajad0l,,1989-06-23T00:00:00+00:00,Eorzea,2006-09-08T00:00:00+00:00,130.3,7.76,10.0,345.0,5.0,5.0,4.0,369.0,11.0,7957.0
754,Mist_,,,,2006-09-09T00:00:00+00:00,29.5,7.62,1.0,69.0,32.0,0.0,22.0,124.0,0.0,1750.0
756,SkyDragon,Male,,"Toronto, Canada",2006-09-09T00:00:00+00:00,134.5,8.24,2.0,342.0,52.0,0.0,0.0,396.0,0.0,8093.0
757,Cidfan,,,,2006-09-09T00:00:00+00:00,126.7,6.52,17.0,393.0,13.0,40.0,62.0,525.0,4.0,7447.0
760,rubberluffy,Male,,,2006-09-11T00:00:00+00:00,147.0,7.61,33.0,273.0,93.0,54.0,12.0,465.0,45.0,8686.0
761,Silver,Female,,England,2006-09-11T00:00:00+00:00,30.0,7.58,0.0,85.0,5.0,3.0,0.0,93.0,0.0,1786.0
762,Porumy,,,NYC,2006-09-11T00:00:00+00:00,176.3,7.71,30.0,511.0,24.0,38.0,247.0,850.0,9.0,10596.0
766,Locrian,Male,,,2006-09-13T00:00:00+00:00,90.0,7.34,4.0,146.0,4.0,15.0,2.0,171.0,89.0,5330.0
767,alfe,Male,,,2006-09-13T00:00:00+00:00,99.0,6.78,14.0,215.0,2.0,30.0,4.0,265.0,2.0,5883.0
776,lecor,Male,1990-01-01T00:00:00+00:00,,2006-09-14T00:00:00+00:00,136.3,6.93,24.0,272.0,3.0,53.0,57.0,409.0,0.0,8096.0
784,Adila,Female,1988-05-03T00:00:00+00:00,,2006-09-15T00:00:00+00:00,66.9,7.38,35.0,127.0,12.0,21.0,25.0,220.0,22.0,4134.0
787,kimodameshi,Female,,,2006-09-16T00:00:00+00:00,7.6,7.54,16.0,11.0,44.0,7.0,6.0,84.0,1.0,432.0
789,cardin,Male,1989-10-09T00:00:00+00:00,,2006-09-16T00:00:00+00:00,120.7,7.12,4.0,180.0,0.0,38.0,30.0,252.0,8.0,7290.0
791,Kuisanagi,,,,2006-09-17T00:00:00+00:00,179.3,6.95,2.0,542.0,0.0,14.0,8.0,566.0,0.0,10776.0
797,Dark_Sage,,,,2006-09-17T00:00:00+00:00,32.8,5.51,5.0,51.0,3.0,4.0,4.0,67.0,0.0,1945.0
803,Theowne,,,,2006-09-18T00:00:00+00:00,26.9,7.45,0.0,97.0,0.0,1.0,4.0,102.0,0.0,1498.0
812,Sabas,Male,1990-01-25T00:00:00+00:00,Neverath,2006-09-20T00:00:00+00:00,56.2,7.2,22.0,169.0,30.0,19.0,28.0,268.0,27.0,3434.0
813,willkillall,Male,1992-08-05T00:00:00+00:00,,2006-09-20T00:00:00+00:00,316.6,7.56,6.0,1451.0,21.0,33.0,9.0,1520.0,20.0,20337.0
815,Bobbert,Male,1991-09-13T00:00:00+00:00,"Alberta, Canada",2006-09-21T00:00:00+00:00,103.3,8.51,10.0,239.0,3.0,9.0,11.0,272.0,2.0,6194.0
817,AKIO-NOIR,Male,1986-07-10T00:00:00+00:00,,2006-09-21T00:00:00+00:00,297.4,7.49,87.0,950.0,235.0,24.0,10.0,1306.0,1.0,17892.0
818,caelanarcher,,,,2006-09-21T00:00:00+00:00,13.1,7.94,4.0,55.0,16.0,16.0,23.0,114.0,4.0,804.0
827,Chihaya__,Female,1982-06-20T00:00:00+00:00,"Reykjavik, Iceland",2006-09-22T00:00:00+00:00,16.5,5.23,0.0,75.0,4.0,50.0,0.0,129.0,0.0,898.0
831,timbitstootsie,Non-Binary,,,2006-09-23T00:00:00+00:00,84.6,7.34,8.0,344.0,6.0,33.0,191.0,582.0,7.0,4925.0
835,Night_Demon,Male,,,2006-09-24T00:00:00+00:00,149.9,7.75,4.0,496.0,2.0,0.0,18.0,520.0,1.0,8762.0
836,Celtza,Female,1986-08-01T00:00:00+00:00,Oregon,2006-09-24T00:00:00+00:00,62.4,8.0,14.0,160.0,1.0,2.0,5.0,182.0,3.0,3735.0
840,Dragon_Empress,Female,1987-07-29T00:00:00+00:00,"Columbus, Georgia",2006-09-25T00:00:00+00:00,319.5,7.2,10.0,1068.0,70.0,69.0,326.0,1543.0,45.0,19454.0
843,Condoriano,Male,1987-10-25T00:00:00+00:00,"Dublin, Ireland",2006-09-26T00:00:00+00:00,79.9,7.39,8.0,291.0,0.0,3.0,7.0,309.0,34.0,4732.0
847,Quajafrie,Male,1991-06-19T00:00:00+00:00,"Athens, Greece",2006-09-26T00:00:00+00:00,17.0,7.51,0.0,58.0,18.0,21.0,22.0,119.0,3.0,986.0
848,Shinigami,Male,,,2006-09-26T00:00:00+00:00,116.3,6.44,30.0,294.0,83.0,167.0,39.0,613.0,75.0,6848.0
851,doinkies,,,,2006-09-26T00:00:00+00:00,14.3,7.28,3.0,43.0,1.0,0.0,11.0,58.0,1.0,821.0
852,leginag,,,,2006-09-26T00:00:00+00:00,67.1,8.81,9.0,146.0,8.0,9.0,19.0,191.0,0.0,4060.0
854,Z0C,,,,2006-09-26T00:00:00+00:00,29.5,8.7,3.0,99.0,0.0,3.0,2.0,107.0,2.0,1750.0
859,Sora_Li,Female,,344,2006-09-28T00:00:00+00:00,180.3,8.17,20.0,802.0,1.0,0.0,236.0,1059.0,0.0,10987.0
860,peipei,,,,2006-09-28T00:00:00+00:00,42.9,8.16,14.0,192.0,2.0,5.0,72.0,285.0,20.0,2511.0
861,terai,,,,2006-09-28T00:00:00+00:00,26.0,8.54,2.0,86.0,1.0,2.0,30.0,121.0,4.0,1599.0
863,Jinto,Male,1983-04-08T00:00:00+00:00,Southern Usa,2006-09-28T00:00:00+00:00,43.0,8.23,20.0,103.0,40.0,14.0,393.0,570.0,20.0,2580.0
867,medusah,Female,1983-01-01T00:00:00+00:00,Singapore,2006-09-28T00:00:00+00:00,34.6,7.72,4.0,113.0,3.0,1.0,122.0,243.0,0.0,2545.0
868,FireShot,Male,1986-06-16T00:00:00+00:00,,2006-09-29T00:00:00+00:00,35.2,6.02,5.0,70.0,11.0,13.0,4.0,103.0,0.0,2025.0
869,p2thej115,Male,1975-01-15T00:00:00+00:00,hidden village in CA,2006-09-29T00:00:00+00:00,106.8,8.49,7.0,235.0,6.0,6.0,27.0,281.0,0.0,6311.0
870,irisnemesis,Female,,Trinidad and Tobago,2006-09-29T00:00:00+00:00,20.4,6.95,10.0,54.0,17.0,3.0,19.0,103.0,4.0,1184.0
871,Cinder,,,,2006-09-29T00:00:00+00:00,75.9,10.0,8.0,184.0,3.0,33.0,17.0,245.0,0.0,4325.0
874,Aaron,,,,2006-10-01T00:00:00+00:00,66.0,6.93,2.0,90.0,1.0,3.0,1.0,97.0,0.0,3924.0
877,SukieNeko,Female,1989-11-19T00:00:00+00:00,"San Jose, California",2006-10-01T00:00:00+00:00,67.1,7.48,11.0,312.0,48.0,12.0,25.0,408.0,1.0,4068.0
882,Hazuki,Male,,,2006-10-02T00:00:00+00:00,176.5,9.0,4.0,710.0,2.0,0.0,0.0,716.0,0.0,10703.0
886,vrdabomb5717,Male,,"Seattle, WA",2006-10-02T00:00:00+00:00,159.4,7.08,37.0,596.0,6.0,23.0,660.0,1322.0,12.0,9615.0
888,raven_nox,Female,,,2006-10-02T00:00:00+00:00,10.2,7.82,9.0,29.0,12.0,0.0,11.0,61.0,0.0,602.0
891,majikkou,Female,1988-01-26T00:00:00+00:00,"Zagreb, Croatia",2006-10-03T00:00:00+00:00,68.7,7.78,6.0,291.0,0.0,4.0,275.0,576.0,1.0,4007.0
898,nullcontext,,,,2006-10-04T00:00:00+00:00,71.5,7.43,19.0,166.0,6.0,11.0,17.0,219.0,0.0,4436.0
901,tigerboyjayce,Male,1972-05-09T00:00:00+00:00,,2006-10-05T00:00:00+00:00,101.8,7.16,26.0,286.0,0.0,0.0,1.0,313.0,25.0,5941.0
902,Late,Male,,,2006-10-05T00:00:00+00:00,301.3,7.58,7.0,1044.0,9.0,20.0,140.0,1220.0,32.0,18024.0
903,led,Female,1990-05-21T00:00:00+00:00,Israel,2006-10-05T00:00:00+00:00,91.2,7.27,8.0,272.0,5.0,41.0,213.0,539.0,1.0,5394.0
906,dmv915,,,,2006-10-06T00:00:00+00:00,38.0,8.54,1.0,113.0,27.0,0.0,15.0,156.0,0.0,2219.0
908,hitachintwins,Female,,,2006-10-07T00:00:00+00:00,9.1,8.12,4.0,10.0,2.0,2.0,2.0,20.0,4.0,561.0
912,Keiyori,Male,1987-04-10T00:00:00+00:00,Illinois,2006-10-07T00:00:00+00:00,97.4,7.81,5.0,238.0,0.0,9.0,4.0,256.0,4.0,5748.0
914,Vajra,Male,1986-12-26T00:00:00+00:00,Finland,2006-10-08T00:00:00+00:00,53.7,8.11,18.0,107.0,8.0,3.0,2.0,138.0,0.0,3199.0
916,thesundaywriter,Female,,,2006-10-08T00:00:00+00:00,72.1,6.55,15.0,262.0,18.0,145.0,104.0,544.0,0.0,4282.0
921,kio,Male,,,2006-10-08T00:00:00+00:00,115.7,7.0,38.0,338.0,64.0,2.0,127.0,569.0,29.0,7003.0
922,scorpedo,Male,,Florida,2006-10-08T00:00:00+00:00,368.5,6.76,10.0,1424.0,0.0,3.0,71.0,1508.0,167.0,21475.0
925,lizzard,Male,,,2006-10-09T00:00:00+00:00,99.6,7.26,3.0,281.0,6.0,17.0,122.0,429.0,0.0,5856.0
926,thepinkavenger,Female,1987-01-04T00:00:00+00:00,Sohma Complex,2006-10-09T00:00:00+00:00,20.5,7.93,2.0,22.0,9.0,0.0,2.0,35.0,4.0,1225.0
928,macskeptic,Male,1987-08-11T00:00:00+00:00,"Sao Paulo (City), Sao Paulo (State)",2006-10-09T00:00:00+00:00,151.5,5.32,6.0,142.0,3.0,8.0,56.0,215.0,91.0,9036.0
930,Mephidro,Male,,,2006-10-10T00:00:00+00:00,28.8,8.33,1.0,85.0,0.0,0.0,0.0,86.0,1.0,1651.0
932,DHD_anime,Male,,,2006-10-10T00:00:00+00:00,61.6,7.36,5.0,129.0,10.0,13.0,4.0,161.0,0.0,3603.0
935,diordiah,Female,1985-09-02T00:00:00+00:00,"Chester, California",2006-10-10T00:00:00+00:00,61.4,6.03,21.0,171.0,5.0,80.0,5.0,282.0,0.0,3725.0
937,Irya,Female,1985-09-20T00:00:00+00:00,,2006-10-11T00:00:00+00:00,17.8,7.17,1.0,36.0,2.0,9.0,2.0,50.0,2.0,1070.0
943,itainteazy,Male,1939-04-05T00:00:00+00:00,,2006-10-11T00:00:00+00:00,210.6,7.58,8.0,378.0,84.0,59.0,136.0,665.0,49.0,12430.0
945,BulletproofSoul,Male,1987-08-29T00:00:00+00:00,"Highland, California",2006-10-12T00:00:00+00:00,50.5,7.64,3.0,132.0,4.0,24.0,6.0,169.0,0.0,2908.0
946,Dhaos,,,,2006-10-12T00:00:00+00:00,52.1,8.7,5.0,69.0,1.0,2.0,5.0,82.0,32.0,3051.0
947,datdo,Male,,"NY, NY",2006-10-12T00:00:00+00:00,102.8,8.38,14.0,305.0,29.0,10.0,24.0,382.0,7.0,6072.0
949,chocopocky,Female,,,2006-10-14T00:00:00+00:00,229.6,6.35,9.0,1185.0,8.0,40.0,30.0,1272.0,42.0,15957.0
954,bitsmart,,,,2006-10-14T00:00:00+00:00,38.9,8.62,1.0,59.0,1.0,14.0,1.0,76.0,0.0,2307.0
960,niwasatou,,,,2006-10-15T00:00:00+00:00,156.4,7.07,102.0,403.0,61.0,155.0,117.0,838.0,2.0,9380.0
962,Crospi,Male,,"Buenos Aires, Argentina",2006-10-15T00:00:00+00:00,346.0,6.41,7.0,1048.0,11.0,56.0,53.0,1175.0,139.0,20612.0
963,elevenletters,Male,,,2006-10-15T00:00:00+00:00,43.5,5.55,1.0,160.0,0.0,0.0,157.0,318.0,0.0,2670.0
964,Spike_Spiegel,,,,2006-10-15T00:00:00+00:00,14.9,7.77,5.0,27.0,0.0,3.0,21.0,56.0,0.0,878.0
966,shoalkip,Male,,,2006-10-15T00:00:00+00:00,57.4,7.55,1.0,98.0,1.0,7.0,0.0,107.0,30.0,3435.0
969,blueskycomplex,Male,1992-02-11T00:00:00+00:00,"Melbourne, Australia",2006-10-16T00:00:00+00:00,17.5,8.91,21.0,43.0,11.0,0.0,30.0,105.0,0.0,1008.0
971,neamon,Female,1990-10-23T00:00:00+00:00,Finland,2006-10-16T00:00:00+00:00,42.9,7.79,11.0,92.0,16.0,4.0,1.0,124.0,0.0,2536.0
979,dreddbull,,,,2006-10-18T00:00:00+00:00,34.0,8.13,5.0,42.0,2.0,3.0,21.0,73.0,0.0,1995.0
981,Shadow__,,,,2006-10-18T00:00:00+00:00,152.1,6.55,5.0,45.0,1.0,4.0,1.0,56.0,43.0,9126.0
983,VyseN,Male,,,2006-10-18T00:00:00+00:00,56.2,8.17,6.0,118.0,5.0,1.0,1.0,131.0,0.0,3296.0
986,Vagaryhexx,Female,1985-04-09T00:00:00+00:00,"Los Angelas,Ca",2006-10-18T00:00:00+00:00,73.4,7.95,7.0,153.0,6.0,1.0,59.0,226.0,19.0,4338.0
987,silmarwen_85,Female,1985-01-27T00:00:00+00:00,,2006-10-19T00:00:00+00:00,16.6,7.82,3.0,50.0,11.0,8.0,1.0,73.0,23.0,966.0
988,Hirako,Male,,Germany,2006-10-19T00:00:00+00:00,100.7,6.52,4.0,355.0,20.0,46.0,16.0,441.0,0.0,6070.0
989,Virems,Male,1989-08-18T00:00:00+00:00,New York,2006-10-19T00:00:00+00:00,90.7,8.25,21.0,114.0,3.0,4.0,0.0,142.0,6.0,5430.0
994,Zicdeh_Cei,Male,,,2006-10-19T00:00:00+00:00,23.3,10.0,13.0,119.0,10.0,2.0,1.0,145.0,0.0,1406.0
995,VnTB_version2,Male,,,2006-10-19T00:00:00+00:00,100.4,7.01,196.0,180.0,102.0,28.0,4.0,510.0,33.0,5953.0
997,pinoypetz,Male,1982-10-14T00:00:00+00:00,Manila,2006-10-20T00:00:00+00:00,36.7,8.68,9.0,46.0,0.0,0.0,1.0,56.0,14.0,2172.0
998,Sanna,Female,1984-04-12T00:00:00+00:00,USA,2006-10-20T00:00:00+00:00,7.3,8.39,8.0,22.0,7.0,1.0,6.0,44.0,0.0,405.0
999,MasterShredder,Male,,MA,2006-10-20T00:00:00+00:00,11.6,7.66,12.0,32.0,4.0,0.0,12.0,60.0,0.0,693.0
